{
    "micro": {
        "avg_time_s": 9.468390133309489,
        "mrays_s": 9.344101663993834,
        "times": [
            9.587845099857077,
            9.387637600069866,
            9.429687700001523
        ]
    },
    "macro_width": 3840,
    "macro_height": 2160,
    "macro_spp": 128,
    "macro_time_s": 113.69270160002634,
    "diff_ref": {
        "mse": 0.34850001335144043,
        "diff_percent": 1.1823
    },
    "diff_prec": {
        "mse": 0.34850001335144043,
        "diff_percent": 1.1823
    }
}