{
    "micro": {
        "avg_time_s": 9.336226433360329,
        "mrays_s": 9.476376845774109,
        "times": [
            9.426613999996334,
            9.285837000003085,
            9.296228300081566
        ]
    },
    "macro_width": 3840,
    "macro_height": 2160,
    "macro_spp": 128,
    "macro_time_s": 113.82850730000064
}